{
  "session_id": "270d0b89-f403-43a6-a24e-0dc2ecc12ba7",
  "timestamp": "2025-09-23T15:34:16.938094",
  "metrics": {
    "total_responses": 62,
    "session_duration": 0.02137613296508789,
    "total_content_length": 64861,
    "avg_response_length": 1046.1451612903227,
    "response_timestamps": [
      1758656056.112151,
      1758656056.113609,
      1758656056.113756,
      1758656056.114249,
      1758656056.114305,
      1758656056.114324,
      1758656056.115422,
      1758656056.116257,
      1758656056.118447,
      1758656056.118841,
      1758656056.118939,
      1758656056.120167,
      1758656056.120225,
      1758656056.120498,
      1758656056.12068,
      1758656056.120839,
      1758656056.121106,
      1758656056.121126,
      1758656056.121735,
      1758656056.121759,
      1758656056.122148,
      1758656056.122847,
      1758656056.122889,
      1758656056.123976,
      1758656056.124276,
      1758656056.124412,
      1758656056.124443,
      1758656056.124473,
      1758656056.124494,
      1758656056.124634,
      1758656056.124729,
      1758656056.124853,
      1758656056.125038,
      1758656056.125101,
      1758656056.125123,
      1758656056.126321,
      1758656056.126973,
      1758656056.127183,
      1758656056.127403,
      1758656056.12748,
      1758656056.127504,
      1758656056.12775,
      1758656056.12852,
      1758656056.128653,
      1758656056.128715,
      1758656056.128849,
      1758656056.12897,
      1758656056.128998,
      1758656056.129126,
      1758656056.129879,
      1758656056.131477,
      1758656056.131495,
      1758656056.131538,
      1758656056.132188,
      1758656056.132485,
      1758656056.132505,
      1758656056.132518,
      1758656056.132537,
      1758656056.132568,
      1758656056.132587,
      1758656056.133469,
      1758656056.133527
    ],
    "responses_per_minute": 174025.86361507062,
    "long_pauses": []
  },
  "patterns": [],
  "final_analysis": {
    "entry_count": 2,
    "total_length": 3614,
    "issues": []
  }
}