{
  "session_id": "36b97e9c-aa17-4411-9f62-fa9e45c37ce1",
  "timestamp": "2025-09-22T22:31:57.191281",
  "metrics": {
    "total_responses": 144,
    "session_duration": 0.02557682991027832,
    "total_content_length": 98644,
    "avg_response_length": 685.0277777777778,
    "response_timestamps": [
      1758594717.165512,
      1758594717.168171,
      1758594717.168239,
      1758594717.168305,
      1758594717.168366,
      1758594717.168415,
      1758594717.16852,
      1758594717.168573,
      1758594717.168653,
      1758594717.16871,
      1758594717.168752,
      1758594717.168821,
      1758594717.168896,
      1758594717.168926,
      1758594717.168985,
      1758594717.169656,
      1758594717.169747,
      1758594717.170011,
      1758594717.17099,
      1758594717.171506,
      1758594717.172938,
      1758594717.173896,
      1758594717.174481,
      1758594717.174591,
      1758594717.174991,
      1758594717.175219,
      1758594717.175268,
      1758594717.175339,
      1758594717.17543,
      1758594717.175828,
      1758594717.175857,
      1758594717.176037,
      1758594717.176246,
      1758594717.17633,
      1758594717.176585,
      1758594717.176639,
      1758594717.176689,
      1758594717.176765,
      1758594717.176836,
      1758594717.176884,
      1758594717.176933,
      1758594717.177009,
      1758594717.177417,
      1758594717.177463,
      1758594717.177485,
      1758594717.177506,
      1758594717.178101,
      1758594717.178188,
      1758594717.17823,
      1758594717.178246,
      1758594717.178441,
      1758594717.178956,
      1758594717.179068,
      1758594717.179218,
      1758594717.179241,
      1758594717.179586,
      1758594717.179631,
      1758594717.179679,
      1758594717.179755,
      1758594717.179888,
      1758594717.180022,
      1758594717.180162,
      1758594717.180217,
      1758594717.180249,
      1758594717.180569,
      1758594717.180623,
      1758594717.180654,
      1758594717.180783,
      1758594717.180863,
      1758594717.180937,
      1758594717.180975,
      1758594717.181151,
      1758594717.181387,
      1758594717.181474,
      1758594717.181606,
      1758594717.181826,
      1758594717.181855,
      1758594717.181945,
      1758594717.181974,
      1758594717.182032,
      1758594717.182065,
      1758594717.182243,
      1758594717.182432,
      1758594717.182641,
      1758594717.18274,
      1758594717.18281,
      1758594717.183306,
      1758594717.183482,
      1758594717.183737,
      1758594717.183777,
      1758594717.183847,
      1758594717.183934,
      1758594717.18405,
      1758594717.184074,
      1758594717.184109,
      1758594717.184145,
      1758594717.184295,
      1758594717.184602,
      1758594717.184704,
      1758594717.184731,
      1758594717.184748,
      1758594717.184966,
      1758594717.185008,
      1758594717.185197,
      1758594717.185359,
      1758594717.185504,
      1758594717.185752,
      1758594717.185996,
      1758594717.186247,
      1758594717.186307,
      1758594717.186366,
      1758594717.186743,
      1758594717.186777,
      1758594717.186833,
      1758594717.186923,
      1758594717.186987,
      1758594717.18732,
      1758594717.187399,
      1758594717.187428,
      1758594717.18758,
      1758594717.187757,
      1758594717.187809,
      1758594717.187848,
      1758594717.188037,
      1758594717.188148,
      1758594717.188263,
      1758594717.18844,
      1758594717.188492,
      1758594717.188527,
      1758594717.188542,
      1758594717.188579,
      1758594717.188697,
      1758594717.188834,
      1758594717.188996,
      1758594717.189011,
      1758594717.189045,
      1758594717.189072,
      1758594717.189171,
      1758594717.189288,
      1758594717.189331,
      1758594717.189666,
      1758594717.189746,
      1758594717.190946,
      1758594717.191089
    ],
    "responses_per_minute": 337805.7417713023,
    "long_pauses": []
  },
  "patterns": [
    {
      "type": "high_response_count",
      "severity": "warning",
      "count": 144
    }
  ],
  "final_analysis": null
}