{
  "session_id": "6dae191c-9d0e-411e-b216-79c6ae613637",
  "timestamp": "2025-09-23T19:41:06.170155",
  "metrics": {
    "total_responses": 99,
    "session_duration": 0.03017401695251465,
    "total_content_length": 64555,
    "avg_response_length": 652.070707070707,
    "response_timestamps": [
      1758670864.563193,
      1758670864.566899,
      1758670864.568542,
      1758670864.568622,
      1758670864.573348,
      1758670864.574153,
      1758670864.57419,
      1758670864.574299,
      1758670864.575005,
      1758670864.575692,
      1758670864.575788,
      1758670864.575827,
      1758670864.575885,
      1758670864.575917,
      1758670864.575949,
      1758670864.575986,
      1758670864.576125,
      1758670864.576223,
      1758670864.576263,
      1758670864.576672,
      1758670864.576773,
      1758670864.57771,
      1758670864.57777,
      1758670864.57782,
      1758670864.578104,
      1758670864.57815,
      1758670864.580813,
      1758670864.580922,
      1758670864.58103,
      1758670864.581125,
      1758670864.581193,
      1758670864.581235,
      1758670864.581438,
      1758670864.581528,
      1758670864.583689,
      1758670864.583733,
      1758670864.583865,
      1758670864.583916,
      1758670864.583949,
      1758670864.584519,
      1758670864.584542,
      1758670864.584651,
      1758670864.584704,
      1758670864.584824,
      1758670864.584859,
      1758670864.584882,
      1758670864.584966,
      1758670864.584999,
      1758670864.585064,
      1758670864.58544,
      1758670864.58565,
      1758670864.585737,
      1758670864.585962,
      1758670864.586189,
      1758670864.586399,
      1758670864.586501,
      1758670864.586643,
      1758670864.586736,
      1758670864.586882,
      1758670864.587058,
      1758670864.587111,
      1758670864.587202,
      1758670864.58725,
      1758670864.587334,
      1758670864.587419,
      1758670864.588116,
      1758670864.588183,
      1758670864.588359,
      1758670864.58842,
      1758670864.58846,
      1758670864.588554,
      1758670864.588672,
      1758670864.588854,
      1758670864.588908,
      1758670864.588991,
      1758670864.589033,
      1758670864.589066,
      1758670864.589095,
      1758670864.589147,
      1758670864.58918,
      1758670864.592096,
      1758670864.592202,
      1758670864.592255,
      1758670864.592304,
      1758670864.592334,
      1758670864.592487,
      1758670864.592535,
      1758670864.592646,
      1758670864.592758,
      1758670864.592802,
      1758670864.592951,
      1758670864.592978,
      1758670864.593038,
      1758670864.593108,
      1758670864.593141,
      1758670864.593251,
      1758670864.593281,
      1758670864.593322,
      1758670864.593367
    ],
    "responses_per_minute": 196858.1117107436,
    "long_pauses": []
  },
  "patterns": [],
  "final_analysis": {
    "entry_count": 3,
    "total_length": 1907,
    "issues": []
  }
}