{
  "session_id": "dd48915d-3c08-4c7c-87ba-12898db1cc7d",
  "timestamp": "2025-09-23T13:02:05.995716",
  "metrics": {
    "total_responses": 91,
    "session_duration": 0.02562999725341797,
    "total_content_length": 94698,
    "avg_response_length": 1040.6373626373627,
    "response_timestamps": [
      1758646924.850279,
      1758646924.850816,
      1758646924.850888,
      1758646924.850942,
      1758646924.850996,
      1758646924.85102,
      1758646924.851179,
      1758646924.85122,
      1758646924.851246,
      1758646924.85181,
      1758646924.852908,
      1758646924.852954,
      1758646924.853041,
      1758646924.853116,
      1758646924.853148,
      1758646924.853286,
      1758646924.85341,
      1758646924.853522,
      1758646924.853637,
      1758646924.85371,
      1758646924.853824,
      1758646924.853849,
      1758646924.85394,
      1758646924.853987,
      1758646924.854054,
      1758646924.854095,
      1758646924.855001,
      1758646924.856175,
      1758646924.858688,
      1758646924.858719,
      1758646924.85891,
      1758646924.858954,
      1758646924.858991,
      1758646924.859057,
      1758646924.859128,
      1758646924.859166,
      1758646924.859245,
      1758646924.859293,
      1758646924.859376,
      1758646924.859406,
      1758646924.859425,
      1758646924.859686,
      1758646924.859953,
      1758646924.860029,
      1758646924.860242,
      1758646924.860279,
      1758646924.86034,
      1758646924.860383,
      1758646924.860686,
      1758646924.860946,
      1758646924.861049,
      1758646924.861214,
      1758646924.861268,
      1758646924.86135,
      1758646924.861383,
      1758646924.862872,
      1758646924.86294,
      1758646924.862974,
      1758646924.863019,
      1758646924.863365,
      1758646924.863423,
      1758646924.865416,
      1758646924.865459,
      1758646924.867282,
      1758646924.867777,
      1758646924.8679,
      1758646924.868099,
      1758646924.86815,
      1758646924.868747,
      1758646924.869375,
      1758646924.869826,
      1758646924.86992,
      1758646924.869965,
      1758646924.870677,
      1758646924.870796,
      1758646924.870974,
      1758646924.871107,
      1758646924.87116,
      1758646924.8712,
      1758646924.872403,
      1758646924.872558,
      1758646924.872667,
      1758646924.872901,
      1758646924.873091,
      1758646924.873507,
      1758646924.873663,
      1758646924.874688,
      1758646924.875394,
      1758646924.875605,
      1758646924.875798,
      1758646924.875909
    ],
    "responses_per_minute": 213031.62641860463,
    "long_pauses": []
  },
  "patterns": [],
  "final_analysis": {
    "entry_count": 1,
    "total_length": 4912,
    "issues": []
  }
}